<?xml version="1.0" encoding="UTF-8"?>
<root>
  <item name="com.pspdfkit.ui.document.editor.MaterialProgressDrawable void updateSizes(int) 0">
    <annotation name="androidx.annotation.IntDef">
      <val name="value" val="{com.pspdfkit.ui.document.editor.MaterialProgressDrawable.LARGE, com.pspdfkit.ui.document.editor.MaterialProgressDrawable.DEFAULT}" />
    </annotation>
  </item>
  <item name="com.pspdfkit.ui.document.editor.MaterialProgressDrawable.ProgressDrawableSize">
    <annotation name="androidx.annotation.IntDef">
      <val name="value" val="{com.pspdfkit.ui.document.editor.MaterialProgressDrawable.LARGE, com.pspdfkit.ui.document.editor.MaterialProgressDrawable.DEFAULT}" />
    </annotation>
  </item>
</root>

