<?xml version="1.0" encoding="UTF-8"?>
<root>
  <item name="com.facebook.imagepipeline.transcoder.ImageTranscodeResult ImageTranscodeResult(int) 0">
    <annotation name="androidx.annotation.IntDef">
      <val name="value" val="{com.facebook.imagepipeline.transcoder.TranscodeStatus.TRANSCODING_SUCCESS, com.facebook.imagepipeline.transcoder.TranscodeStatus.TRANSCODING_NO_RESIZING, com.facebook.imagepipeline.transcoder.TranscodeStatus.TRANSCODING_ERROR}" />
    </annotation>
  </item>
  <item name="com.facebook.imagepipeline.transcoder.ImageTranscodeResult int getTranscodeStatus()">
    <annotation name="androidx.annotation.IntDef">
      <val name="value" val="{com.facebook.imagepipeline.transcoder.TranscodeStatus.TRANSCODING_SUCCESS, com.facebook.imagepipeline.transcoder.TranscodeStatus.TRANSCODING_NO_RESIZING, com.facebook.imagepipeline.transcoder.TranscodeStatus.TRANSCODING_ERROR}" />
    </annotation>
  </item>
  <item name="com.facebook.imagepipeline.transcoder.ImageTranscodeResult mTranscodeStatus">
    <annotation name="androidx.annotation.IntDef">
      <val name="value" val="{com.facebook.imagepipeline.transcoder.TranscodeStatus.TRANSCODING_SUCCESS, com.facebook.imagepipeline.transcoder.TranscodeStatus.TRANSCODING_NO_RESIZING, com.facebook.imagepipeline.transcoder.TranscodeStatus.TRANSCODING_ERROR}" />
    </annotation>
  </item>
  <item name="com.facebook.imagepipeline.transcoder.TranscodeStatus">
    <annotation name="androidx.annotation.IntDef">
      <val name="value" val="{com.facebook.imagepipeline.transcoder.TranscodeStatus.TRANSCODING_SUCCESS, com.facebook.imagepipeline.transcoder.TranscodeStatus.TRANSCODING_NO_RESIZING, com.facebook.imagepipeline.transcoder.TranscodeStatus.TRANSCODING_ERROR}" />
    </annotation>
  </item>
</root>

