<?xml version="1.0" encoding="UTF-8"?>
<root>
  <item name="com.pspdfkit.document.library.PdfLibrary com.pspdfkit.document.library.PdfLibrary get(java.lang.String, java.lang.String) 1">
    <annotation name="androidx.annotation.StringDef">
      <val name="value" val="{com.pspdfkit.document.library.PdfLibrary.PORTER_TOKENIZER, com.pspdfkit.document.library.PdfLibrary.UNICODE_TOKENIZER}" />
    </annotation>
  </item>
  <item name="com.pspdfkit.document.library.PdfLibrary.Tokenizer">
    <annotation name="androidx.annotation.StringDef">
      <val name="value" val="{com.pspdfkit.document.library.PdfLibrary.PORTER_TOKENIZER, com.pspdfkit.document.library.PdfLibrary.UNICODE_TOKENIZER}" />
    </annotation>
  </item>
</root>

