<?xml version="1.0" encoding="UTF-8"?>
<root>
  <item name="com.pspdfkit.internal.utilities.threading.PriorityScheduler io.reactivex.Scheduler priority(int) 0">
    <annotation name="androidx.annotation.IntDef">
      <val name="value" val="{com.pspdfkit.internal.utilities.threading.PriorityScheduler.PRIORITY_HIGHER, com.pspdfkit.internal.utilities.threading.PriorityScheduler.PRIORITY_HIGH, com.pspdfkit.internal.utilities.threading.PriorityScheduler.PRIORITY_NORMAL, com.pspdfkit.internal.utilities.threading.PriorityScheduler.PRIORITY_LOW, com.pspdfkit.internal.utilities.threading.PriorityScheduler.PRIORITY_BACKGROUND}" />
    </annotation>
  </item>
  <item name="com.pspdfkit.internal.utilities.threading.PriorityScheduler.InnerPriorityScheduler InnerPriorityScheduler(int) 0">
    <annotation name="androidx.annotation.IntDef">
      <val name="value" val="{com.pspdfkit.internal.utilities.threading.PriorityScheduler.PRIORITY_HIGHER, com.pspdfkit.internal.utilities.threading.PriorityScheduler.PRIORITY_HIGH, com.pspdfkit.internal.utilities.threading.PriorityScheduler.PRIORITY_NORMAL, com.pspdfkit.internal.utilities.threading.PriorityScheduler.PRIORITY_LOW, com.pspdfkit.internal.utilities.threading.PriorityScheduler.PRIORITY_BACKGROUND}" />
    </annotation>
  </item>
  <item name="com.pspdfkit.internal.utilities.threading.PriorityScheduler.InnerPriorityScheduler priority">
    <annotation name="androidx.annotation.IntDef">
      <val name="value" val="{com.pspdfkit.internal.utilities.threading.PriorityScheduler.PRIORITY_HIGHER, com.pspdfkit.internal.utilities.threading.PriorityScheduler.PRIORITY_HIGH, com.pspdfkit.internal.utilities.threading.PriorityScheduler.PRIORITY_NORMAL, com.pspdfkit.internal.utilities.threading.PriorityScheduler.PRIORITY_LOW, com.pspdfkit.internal.utilities.threading.PriorityScheduler.PRIORITY_BACKGROUND}" />
    </annotation>
  </item>
  <item name="com.pspdfkit.internal.utilities.threading.PriorityScheduler.PriorityTask PriorityTask(java.lang.Runnable, int) 1">
    <annotation name="androidx.annotation.IntDef">
      <val name="value" val="{com.pspdfkit.internal.utilities.threading.PriorityScheduler.PRIORITY_HIGHER, com.pspdfkit.internal.utilities.threading.PriorityScheduler.PRIORITY_HIGH, com.pspdfkit.internal.utilities.threading.PriorityScheduler.PRIORITY_NORMAL, com.pspdfkit.internal.utilities.threading.PriorityScheduler.PRIORITY_LOW, com.pspdfkit.internal.utilities.threading.PriorityScheduler.PRIORITY_BACKGROUND}" />
    </annotation>
  </item>
  <item name="com.pspdfkit.internal.utilities.threading.PriorityScheduler.PriorityTask priority">
    <annotation name="androidx.annotation.IntDef">
      <val name="value" val="{com.pspdfkit.internal.utilities.threading.PriorityScheduler.PRIORITY_HIGHER, com.pspdfkit.internal.utilities.threading.PriorityScheduler.PRIORITY_HIGH, com.pspdfkit.internal.utilities.threading.PriorityScheduler.PRIORITY_NORMAL, com.pspdfkit.internal.utilities.threading.PriorityScheduler.PRIORITY_LOW, com.pspdfkit.internal.utilities.threading.PriorityScheduler.PRIORITY_BACKGROUND}" />
    </annotation>
  </item>
  <item name="com.pspdfkit.internal.utilities.threading.PriorityScheduler.PriorityWorker PriorityWorker(java.util.concurrent.PriorityBlockingQueue&lt;com.pspdfkit.internal.utilities.threading.PriorityScheduler.PriorityTask&gt;, int) 1">
    <annotation name="androidx.annotation.IntDef">
      <val name="value" val="{com.pspdfkit.internal.utilities.threading.PriorityScheduler.PRIORITY_HIGHER, com.pspdfkit.internal.utilities.threading.PriorityScheduler.PRIORITY_HIGH, com.pspdfkit.internal.utilities.threading.PriorityScheduler.PRIORITY_NORMAL, com.pspdfkit.internal.utilities.threading.PriorityScheduler.PRIORITY_LOW, com.pspdfkit.internal.utilities.threading.PriorityScheduler.PRIORITY_BACKGROUND}" />
    </annotation>
  </item>
  <item name="com.pspdfkit.internal.utilities.threading.PriorityScheduler.PriorityWorker priority">
    <annotation name="androidx.annotation.IntDef">
      <val name="value" val="{com.pspdfkit.internal.utilities.threading.PriorityScheduler.PRIORITY_HIGHER, com.pspdfkit.internal.utilities.threading.PriorityScheduler.PRIORITY_HIGH, com.pspdfkit.internal.utilities.threading.PriorityScheduler.PRIORITY_NORMAL, com.pspdfkit.internal.utilities.threading.PriorityScheduler.PRIORITY_LOW, com.pspdfkit.internal.utilities.threading.PriorityScheduler.PRIORITY_BACKGROUND}" />
    </annotation>
  </item>
  <item name="com.pspdfkit.internal.utilities.threading.PriorityScheduler.TaskPriority">
    <annotation name="androidx.annotation.IntDef">
      <val name="value" val="{com.pspdfkit.internal.utilities.threading.PriorityScheduler.PRIORITY_HIGHER, com.pspdfkit.internal.utilities.threading.PriorityScheduler.PRIORITY_HIGH, com.pspdfkit.internal.utilities.threading.PriorityScheduler.PRIORITY_NORMAL, com.pspdfkit.internal.utilities.threading.PriorityScheduler.PRIORITY_LOW, com.pspdfkit.internal.utilities.threading.PriorityScheduler.PRIORITY_BACKGROUND}" />
    </annotation>
  </item>
</root>

