<?xml version="1.0" encoding="UTF-8"?>
<root>
  <item name="com.facebook.imagepipeline.common.RotationOptions RotationOptions(int, boolean) 0">
    <annotation name="androidx.annotation.IntDef">
      <val name="flag" val="false" />
      <val name="value" val="{com.facebook.imagepipeline.common.RotationOptions.NO_ROTATION, com.facebook.imagepipeline.common.RotationOptions.ROTATE_90, com.facebook.imagepipeline.common.RotationOptions.ROTATE_180, com.facebook.imagepipeline.common.RotationOptions.ROTATE_270, com.facebook.imagepipeline.common.RotationOptions.USE_EXIF_ROTATION_ANGLE, com.facebook.imagepipeline.common.RotationOptions.DISABLE_ROTATION}" />
    </annotation>
  </item>
  <item name="com.facebook.imagepipeline.common.RotationOptions com.facebook.imagepipeline.common.RotationOptions forceRotation(int) 0">
    <annotation name="androidx.annotation.IntDef">
      <val name="flag" val="false" />
      <val name="value" val="{com.facebook.imagepipeline.common.RotationOptions.NO_ROTATION, com.facebook.imagepipeline.common.RotationOptions.ROTATE_90, com.facebook.imagepipeline.common.RotationOptions.ROTATE_180, com.facebook.imagepipeline.common.RotationOptions.ROTATE_270}" />
    </annotation>
  </item>
  <item name="com.facebook.imagepipeline.common.RotationOptions int getForcedAngle()">
    <annotation name="androidx.annotation.IntDef">
      <val name="flag" val="false" />
      <val name="value" val="{com.facebook.imagepipeline.common.RotationOptions.NO_ROTATION, com.facebook.imagepipeline.common.RotationOptions.ROTATE_90, com.facebook.imagepipeline.common.RotationOptions.ROTATE_180, com.facebook.imagepipeline.common.RotationOptions.ROTATE_270}" />
    </annotation>
  </item>
  <item name="com.facebook.imagepipeline.common.RotationOptions mRotation">
    <annotation name="androidx.annotation.IntDef">
      <val name="flag" val="false" />
      <val name="value" val="{com.facebook.imagepipeline.common.RotationOptions.NO_ROTATION, com.facebook.imagepipeline.common.RotationOptions.ROTATE_90, com.facebook.imagepipeline.common.RotationOptions.ROTATE_180, com.facebook.imagepipeline.common.RotationOptions.ROTATE_270, com.facebook.imagepipeline.common.RotationOptions.USE_EXIF_ROTATION_ANGLE, com.facebook.imagepipeline.common.RotationOptions.DISABLE_ROTATION}" />
    </annotation>
  </item>
  <item name="com.facebook.imagepipeline.common.RotationOptions.RotationAngle">
    <annotation name="androidx.annotation.IntDef">
      <val name="flag" val="false" />
      <val name="value" val="{com.facebook.imagepipeline.common.RotationOptions.NO_ROTATION, com.facebook.imagepipeline.common.RotationOptions.ROTATE_90, com.facebook.imagepipeline.common.RotationOptions.ROTATE_180, com.facebook.imagepipeline.common.RotationOptions.ROTATE_270}" />
    </annotation>
  </item>
  <item name="com.facebook.imagepipeline.common.SourceUriType">
    <annotation name="androidx.annotation.IntDef">
      <val name="value" val="{com.facebook.imagepipeline.common.SourceUriType.SOURCE_TYPE_UNKNOWN, com.facebook.imagepipeline.common.SourceUriType.SOURCE_TYPE_NETWORK, com.facebook.imagepipeline.common.SourceUriType.SOURCE_TYPE_LOCAL_FILE, com.facebook.imagepipeline.common.SourceUriType.SOURCE_TYPE_LOCAL_VIDEO_FILE, com.facebook.imagepipeline.common.SourceUriType.SOURCE_TYPE_LOCAL_IMAGE_FILE, com.facebook.imagepipeline.common.SourceUriType.SOURCE_TYPE_LOCAL_CONTENT, com.facebook.imagepipeline.common.SourceUriType.SOURCE_TYPE_LOCAL_ASSET, com.facebook.imagepipeline.common.SourceUriType.SOURCE_TYPE_LOCAL_RESOURCE, com.facebook.imagepipeline.common.SourceUriType.SOURCE_TYPE_DATA, com.facebook.imagepipeline.common.SourceUriType.SOURCE_TYPE_QUALIFIED_RESOURCE}" />
    </annotation>
  </item>
</root>

