<?xml version="1.0" encoding="UTF-8"?>
<root>
  <item name="com.facebook.imagepipeline.memory.PoolFactory com.facebook.common.memory.PooledByteBufferFactory getPooledByteBufferFactory(int) 0">
    <annotation name="androidx.annotation.IntDef">
      <val name="value" val="{com.facebook.imagepipeline.core.MemoryChunkType.NATIVE_MEMORY, com.facebook.imagepipeline.core.MemoryChunkType.BUFFER_MEMORY}" />
    </annotation>
  </item>
  <item name="com.facebook.imagepipeline.memory.PoolFactory com.facebook.imagepipeline.memory.MemoryChunkPool getMemoryChunkPool(int) 0">
    <annotation name="androidx.annotation.IntDef">
      <val name="value" val="{com.facebook.imagepipeline.core.MemoryChunkType.NATIVE_MEMORY, com.facebook.imagepipeline.core.MemoryChunkType.BUFFER_MEMORY}" />
    </annotation>
  </item>
</root>

